{"_wandb":{"runtime":33},"_step":18,"batch_loss":4.479375779628754,"lr":0.00015,"_timestamp":1.7342789659563887e+09,"_runtime":32.052522854}